{
    "whiteColor": [
        0.06310386210680008,
        0.026620935648679733,
        1.0
    ],
    "grayColor": [
        1.0,
        0.5836551189422607,
        0.009618809446692467
    ],
    "blackColor": [
        1.0,
        0.0,
        0.0013733337400481105
    ]
}