{
    "whiteColor": [
        1.0,
        0.08238121122121811,
        0.026641886681318283
    ],
    "grayColor": [
        0.13160373270511627,
        0.49975478649139404,
        0.014293746091425419
    ],
    "blackColor": [
        0.09524447470903397,
        0.04611961543560028,
        0.7001649141311646
    ]
}